{"v":"5.5.7","meta":{"g":"LottieFiles AE 0.1.21","a":"","k":"","d":"","tc":""},"fr":29.9700012207031,"ip":0,"op":48.0000019550801,"w":192,"h":192,"nm":"Eye","ddd":0,"assets":[],"layers":[{"ddd":0,"ind":1,"ty":4,"nm":"Eye Outlines 2","td":1,"sr":1,"ks":{"o":{"a":0,"k":100,"ix":11},"r":{"a":0,"k":0,"ix":10},"p":{"a":0,"k":[96,96,0],"ix":2},"a":{"a":0,"k":[82.167,54.968,0],"ix":1},"s":{"a":0,"k":[100,100,100],"ix":6}},"ao":0,"shapes":[{"ty":"gr","it":[{"ind":0,"ty":"sh","ix":1,"ks":{"a":1,"k":[{"i":{"x":0.376,"y":1},"o":{"x":0.333,"y":0},"t":6,"s":[{"i":[[27.965,0],[14.416,-25.498],[-27.994,0],[-14.416,25.498]],"o":[[-27.965,0],[14.416,25.498],[27.994,0],[-14.416,-25.498]],"v":[[-0.015,-40.801],[-68,0],[0.014,40.801],[68,0]],"c":true}]},{"i":{"x":0.376,"y":1},"o":{"x":0.333,"y":0},"t":11,"s":[{"i":[[27.965,0],[40.25,0],[-27.994,0],[-15.25,-0.25]],"o":[[-27.965,0],[35.5,0],[27.994,0],[-27.475,-0.276]],"v":[[0.064,-0.051],[-68,0],[0.111,0.051],[68,0]],"c":true}]},{"t":16.0000006516934,"s":[{"i":[[27.965,0],[14.416,-25.498],[-27.994,0],[-14.416,25.498]],"o":[[-27.965,0],[14.416,25.498],[27.994,0],[-14.416,-25.498]],"v":[[-0.015,-40.801],[-68,0],[0.014,40.801],[68,0]],"c":true}]}],"ix":2},"nm":"Path 1","mn":"ADBE Vector Shape - Group","hd":false},{"ty":"st","c":{"a":0,"k":[0,0,0,1],"ix":3},"o":{"a":0,"k":100,"ix":4},"w":{"a":0,"k":5.667,"ix":5},"lc":2,"lj":2,"bm":0,"nm":"Stroke 1","mn":"ADBE Vector Graphic - Stroke","hd":false},{"ty":"fl","c":{"a":0,"k":[1,0.999998922909,1,1],"ix":4},"o":{"a":0,"k":100,"ix":5},"r":1,"bm":0,"nm":"Fill 1","mn":"ADBE Vector Graphic - Fill","hd":false},{"ty":"tr","p":{"a":0,"k":[82.167,54.968],"ix":2},"a":{"a":0,"k":[0,0],"ix":1},"s":{"a":0,"k":[100,100],"ix":3},"r":{"a":0,"k":0,"ix":6},"o":{"a":0,"k":100,"ix":7},"sk":{"a":0,"k":0,"ix":4},"sa":{"a":0,"k":0,"ix":5},"nm":"Transform"}],"nm":"Group 1","np":3,"cix":2,"bm":0,"ix":1,"mn":"ADBE Vector Group","hd":false}],"ip":0,"op":899.000036617021,"st":0,"bm":0},{"ddd":0,"ind":2,"ty":4,"nm":"Eye ball Outlines","parent":4,"tt":1,"sr":1,"ks":{"o":{"a":0,"k":100,"ix":11},"r":{"a":0,"k":0,"ix":10},"p":{"a":0,"k":[-512.002,-528,0],"ix":2},"a":{"a":0,"k":[36.136,36.136,0],"ix":1},"s":{"a":0,"k":[800,800,100],"ix":6}},"ao":0,"shapes":[{"ty":"gr","it":[{"ind":0,"ty":"sh","ix":1,"ks":{"a":0,"k":{"i":[[0,-4.974],[0.1,-0.854],[11.253,0],[1.359,0.264],[2.343,1.541],[0,7.683],[-12.133,0],[-4.011,-5.3]],"o":[[0,0.88],[-1.286,10.907],[-1.437,0],[-2.853,-0.551],[-5.973,-3.927],[0,-12.133],[7.159,0],[2.787,3.682]],"v":[[21.969,0],[21.817,2.602],[0,21.969],[-4.201,21.567],[-12.053,18.37],[-21.969,0],[0,-21.969],[17.53,-13.245]],"c":true},"ix":2},"nm":"Path 1","mn":"ADBE Vector Shape - Group","hd":false},{"ty":"st","c":{"a":0,"k":[0,0,0,1],"ix":3},"o":{"a":0,"k":100,"ix":4},"w":{"a":0,"k":5.667,"ix":5},"lc":2,"lj":2,"bm":0,"nm":"Stroke 1","mn":"ADBE Vector Graphic - Stroke","hd":false},{"ty":"tr","p":{"a":0,"k":[36.136,36.136],"ix":2},"a":{"a":0,"k":[0,0],"ix":1},"s":{"a":0,"k":[100,100],"ix":3},"r":{"a":0,"k":0,"ix":6},"o":{"a":0,"k":100,"ix":7},"sk":{"a":0,"k":0,"ix":4},"sa":{"a":0,"k":0,"ix":5},"nm":"Transform"}],"nm":"Group 1","np":2,"cix":2,"bm":0,"ix":1,"mn":"ADBE Vector Group","hd":false}],"ip":0,"op":899.000036617021,"st":0,"bm":0},{"ddd":0,"ind":3,"ty":4,"nm":"Eye Outlines","sr":1,"ks":{"o":{"a":0,"k":100,"ix":11},"r":{"a":0,"k":0,"ix":10},"p":{"a":0,"k":[96,96,0],"ix":2},"a":{"a":0,"k":[82.167,54.968,0],"ix":1},"s":{"a":0,"k":[100,100,100],"ix":6}},"ao":0,"shapes":[{"ty":"gr","it":[{"ind":0,"ty":"sh","ix":1,"ks":{"a":1,"k":[{"i":{"x":0.376,"y":1},"o":{"x":0.333,"y":0},"t":6,"s":[{"i":[[27.965,0],[14.416,-25.498],[-27.994,0],[-14.416,25.498]],"o":[[-27.965,0],[14.416,25.498],[27.994,0],[-14.416,-25.498]],"v":[[-0.015,-40.801],[-68,0],[0.014,40.801],[68,0]],"c":true}]},{"i":{"x":0.376,"y":1},"o":{"x":0.333,"y":0},"t":11,"s":[{"i":[[27.965,0],[40.25,0],[-27.994,0],[-15.25,-0.25]],"o":[[-27.965,0],[35.5,0],[27.994,0],[-27.475,-0.276]],"v":[[0.064,-0.051],[-68,0],[0.111,0.051],[68,0]],"c":true}]},{"t":16.0000006516934,"s":[{"i":[[27.965,0],[14.416,-25.498],[-27.994,0],[-14.416,25.498]],"o":[[-27.965,0],[14.416,25.498],[27.994,0],[-14.416,-25.498]],"v":[[-0.015,-40.801],[-68,0],[0.014,40.801],[68,0]],"c":true}]}],"ix":2},"nm":"Path 1","mn":"ADBE Vector Shape - Group","hd":false},{"ty":"st","c":{"a":0,"k":[0,0,0,1],"ix":3},"o":{"a":0,"k":100,"ix":4},"w":{"a":0,"k":5.667,"ix":5},"lc":2,"lj":2,"bm":0,"nm":"Stroke 1","mn":"ADBE Vector Graphic - Stroke","hd":false},{"ty":"fl","c":{"a":0,"k":[1,0.999998922909,1,1],"ix":4},"o":{"a":0,"k":100,"ix":5},"r":1,"bm":0,"nm":"Fill 1","mn":"ADBE Vector Graphic - Fill","hd":false},{"ty":"tr","p":{"a":0,"k":[82.167,54.968],"ix":2},"a":{"a":0,"k":[0,0],"ix":1},"s":{"a":0,"k":[100,100],"ix":3},"r":{"a":0,"k":0,"ix":6},"o":{"a":0,"k":100,"ix":7},"sk":{"a":0,"k":0,"ix":4},"sa":{"a":0,"k":0,"ix":5},"nm":"Transform"}],"nm":"Group 1","np":3,"cix":2,"bm":0,"ix":1,"mn":"ADBE Vector Group","hd":false}],"ip":0,"op":899.000036617021,"st":0,"bm":0},{"ddd":0,"ind":4,"ty":3,"nm":"Eye control","sr":1,"ks":{"o":{"a":0,"k":0,"ix":11},"r":{"a":0,"k":0,"ix":10},"p":{"s":true,"x":{"a":1,"k":[{"i":{"x":[0.117],"y":[1]},"o":{"x":[0.247],"y":[0.001]},"t":21,"s":[166.625]},{"i":{"x":[0.329],"y":[1]},"o":{"x":[0.784],"y":[0]},"t":26.25,"s":[142.25]},{"i":{"x":[0.667],"y":[1]},"o":{"x":[0.858],"y":[-0.034]},"t":36.75,"s":[188.733]},{"t":42.0000017106951,"s":[166.625]}],"ix":3},"y":{"a":0,"k":168.25,"ix":4}},"a":{"a":0,"k":[50,50,0],"ix":1},"s":{"a":1,"k":[{"i":{"x":[0.667,0.667,0.667],"y":[1,1,1]},"o":{"x":[0.333,0.333,0.333],"y":[0,0,0]},"t":21,"s":[12.5,12.5,100]},{"i":{"x":[0.667,0.667,0.667],"y":[1,1,1]},"o":{"x":[0.333,0.333,0.333],"y":[0,0,0]},"t":26.25,"s":[11.5,12.5,100]},{"i":{"x":[0.667,0.667,0.667],"y":[1,1,1]},"o":{"x":[0.333,0.333,0.333],"y":[0,0,0]},"t":36.75,"s":[11.5,12.5,100]},{"t":42.0000017106951,"s":[12.5,12.5,100]}],"ix":6}},"ao":0,"ip":0,"op":899.000036617021,"st":0,"bm":0}],"markers":[]}